timestamp,action,table_name,ip_address
"January 22, 2026, 3:42 PM",UPDATE,accounts,2a05:d018:1e14:201:8934:c69e:a654:f23a/128
"January 22, 2026, 4:03 PM",UPDATE,accounts,2a05:d018:1e14:201:3770:bf5e:7010:e7b2/128
"January 22, 2026, 4:03 PM",UPDATE,accounts,2a05:d018:1e14:201:3770:bf5e:7010:e7b2/128
"January 22, 2026, 4:03 PM",UPDATE,accounts,2a05:d018:1e14:200:8301:474f:8876:490a/128
"January 22, 2026, 4:04 PM",UPDATE,accounts,2a05:d018:1e14:201:3770:bf5e:7010:e7b2/128
"January 22, 2026, 4:04 PM",UPDATE,customers,2a05:d018:1e14:201:3770:bf5e:7010:e7b2/128
"January 22, 2026, 4:04 PM",UPDATE,customers,2a05:d018:1e14:201:3770:bf5e:7010:e7b2/128
"January 22, 2026, 4:05 PM",DELETE,accounts,2a05:d018:1e14:201:3770:bf5e:7010:e7b2/128
"January 22, 2026, 4:05 PM",DELETE,customers,2a05:d018:1e14:200:2bf0:d9e6:719a:53a4/128
"January 22, 2026, 4:05 PM",DELETE,accounts,2a05:d018:1e14:200:2bf0:d9e6:719a:53a4/128
"January 22, 2026, 4:05 PM",UPDATE,accounts,2a05:d018:1e14:200:8301:474f:8876:490a/128
"January 22, 2026, 4:05 PM",UPDATE,accounts,2a05:d018:1e14:200:8301:474f:8876:490a/128
"January 22, 2026, 4:05 PM",UPDATE,accounts,2a05:d018:1e14:200:8301:474f:8876:490a/128
"January 22, 2026, 4:05 PM",UPDATE,accounts,2a05:d018:1e14:200:8301:474f:8876:490a/128
"January 22, 2026, 4:05 PM",UPDATE,accounts,2a05:d018:1e14:200:8301:474f:8876:490a/128
"January 22, 2026, 4:05 PM",UPDATE,accounts,2a05:d018:1e14:200:8301:474f:8876:490a/128
"January 22, 2026, 4:05 PM",UPDATE,accounts,2a05:d018:1e14:200:8301:474f:8876:490a/128
"January 22, 2026, 4:05 PM",UPDATE,accounts,2a05:d018:1e14:200:8301:474f:8876:490a/128
"January 22, 2026, 4:05 PM",UPDATE,accounts,2a05:d018:1e14:200:8301:474f:8876:490a/128
"January 22, 2026, 4:05 PM",UPDATE,accounts,2a05:d018:1e14:200:8301:474f:8876:490a/128
"January 22, 2026, 4:05 PM",UPDATE,accounts,2a05:d018:1e14:200:8301:474f:8876:490a/128
"January 22, 2026, 4:05 PM",UPDATE,accounts,2a05:d018:1e14:200:8301:474f:8876:490a/128
"January 22, 2026, 4:05 PM",UPDATE,accounts,2a05:d018:1e14:200:8301:474f:8876:490a/128
"January 22, 2026, 4:05 PM",UPDATE,accounts,2a05:d018:1e14:200:8301:474f:8876:490a/128
"January 22, 2026, 4:05 PM",UPDATE,accounts,2a05:d018:1e14:200:8301:474f:8876:490a/128
"January 22, 2026, 4:05 PM",UPDATE,accounts,2a05:d018:1e14:200:8301:474f:8876:490a/128
"January 22, 2026, 4:05 PM",UPDATE,accounts,2a05:d018:1e14:200:8301:474f:8876:490a/128
"January 22, 2026, 4:05 PM",UPDATE,accounts,2a05:d018:1e14:200:8301:474f:8876:490a/128
"January 22, 2026, 4:05 PM",UPDATE,accounts,2a05:d018:1e14:200:8301:474f:8876:490a/128
"January 22, 2026, 4:05 PM",UPDATE,accounts,2a05:d018:1e14:200:8301:474f:8876:490a/128
"January 22, 2026, 4:07 PM",UPDATE,accounts,2a05:d018:1e14:200:2f55:7c72:7bba:e2fe/128
"January 22, 2026, 4:07 PM",UPDATE,accounts,2a05:d018:1e14:200:2f55:7c72:7bba:e2fe/128
"January 22, 2026, 4:07 PM",UPDATE,accounts,2a05:d018:1e14:200:2f55:7c72:7bba:e2fe/128
"January 22, 2026, 4:07 PM",UPDATE,accounts,2a05:d018:1e14:200:2f55:7c72:7bba:e2fe/128
"January 22, 2026, 4:07 PM",UPDATE,accounts,2a05:d018:1e14:200:2f55:7c72:7bba:e2fe/128
"January 22, 2026, 4:07 PM",UPDATE,accounts,2a05:d018:1e14:200:2f55:7c72:7bba:e2fe/128
"January 22, 2026, 4:07 PM",UPDATE,accounts,2a05:d018:1e14:200:2f55:7c72:7bba:e2fe/128
"January 22, 2026, 4:07 PM",UPDATE,accounts,2a05:d018:1e14:200:2f55:7c72:7bba:e2fe/128
"January 22, 2026, 4:07 PM",UPDATE,accounts,2a05:d018:1e14:200:2f55:7c72:7bba:e2fe/128
"January 22, 2026, 4:07 PM",UPDATE,accounts,2a05:d018:1e14:200:2f55:7c72:7bba:e2fe/128
"January 22, 2026, 4:07 PM",UPDATE,accounts,2a05:d018:1e14:200:2f55:7c72:7bba:e2fe/128
"January 22, 2026, 4:07 PM",UPDATE,accounts,2a05:d018:1e14:200:2f55:7c72:7bba:e2fe/128
"January 22, 2026, 4:07 PM",UPDATE,accounts,2a05:d018:1e14:200:2f55:7c72:7bba:e2fe/128
"January 22, 2026, 4:07 PM",UPDATE,accounts,2a05:d018:1e14:200:2f55:7c72:7bba:e2fe/128
"January 22, 2026, 4:07 PM",UPDATE,accounts,2a05:d018:1e14:200:2f55:7c72:7bba:e2fe/128
"January 22, 2026, 4:07 PM",UPDATE,accounts,2a05:d018:1e14:200:2f55:7c72:7bba:e2fe/128
"January 22, 2026, 4:07 PM",UPDATE,accounts,2a05:d018:1e14:200:2f55:7c72:7bba:e2fe/128
"January 22, 2026, 4:07 PM",UPDATE,accounts,2a05:d018:1e14:200:2f55:7c72:7bba:e2fe/128
"January 22, 2026, 4:07 PM",UPDATE,accounts,2a05:d018:1e14:200:2f55:7c72:7bba:e2fe/128
"January 22, 2026, 4:07 PM",UPDATE,accounts,2a05:d018:1e14:200:2f55:7c72:7bba:e2fe/128
